"NUTS","Country","Population_density","Percentage_early_leavers_from_education","Percentage_of_NEET","Percentage_of_people_studying_or_training","Life_expectancy","Hospital_beds","Air_passengers","Utilised_agricoltural_area","Unemployement_rate","GVA","First_wave_density","Second_wave_density","Latitude","Longitude","Students_in_tertiary_education","Students","Deaths","Discharges_after_respiratory_disease","Health_personnel","Vehicles","Farm_labour_force","Compensation_of_employees","Hours_worked","GDP"
"AT11","AT",77.8,8.15,7.775,9.3,81.9,587.21,6031.83333333333,181970,4.2,107.5,0.00153853469005149,0.0389422489097801,47.2361,16.2874,2292.51857789129,3579.04604056569,380.710918501814,1293.99937507642,433.710551698841,86547.8406173158,2095.53179638359,1462.11740412178,68999.7147087992,3149.27862082082
"AT12","AT",88.9,7.7,7,9.3,81.7,671.36,31635,908850,4.2,108,0.00220805599045768,0.0390378836860939,48.2589,15.7601,1968.31062639562,3886.09542197975,61.5637358716181,1261.48334577183,470.169276376295,81871.0825411584,1820.35484451284,1689.20142469781,70017.1645331229,3663.64164777143
"AT13","AT",4808.9,10.6,9.9,16.5,81.1,751.91,6031.83333333333,8020,10.6,108.4,0.00353078263763276,0.0424918283939177,48.2028,16.3932,10070.7359965592,3812.80573213248,44.8767286995387,1535.90091204908,684.285348769432,41839.6696091599,110.402361668719,2544.22504082533,86993.3983573594,5250.51237683727
"AT21","AT",59.9,8.15,7.9,10.1,82.2,803.93,210,220340,4.7,109.3,0.00108321322375301,0.0491721792361565,46.7161,14.4629,2766.2914021732,3664.03999337245,192.765632209915,1933.92755655246,484.951709713109,78155.9720146162,1341.54532481253,1799.23854386212,78039.4553290349,3831.43028685553
"AT22","AT",76.6,5.7,7.6,11.3,82.2,801.3,1035,375180,4.4,109.6,0.00184532190838378,0.0415205452525082,47.1818,15.5247,4977.15411246034,3609.69034696063,80.5330573373609,1950.42502577433,520.621472326189,75984.0179076457,1720.16094416297,1965.90968352729,82089.546251389,4078.19351008308
"AT31","AT",126.8,7.5,7.5,10.6,82.3,676.7,430,517350,3.9,109.9,0.00287261646980196,0.0538536743790928,48.143,13.9503,2661.98476929488,4089.3685007975,60.7295680875863,1856.49801144618,425.356594302141,78807.3910992505,1607.75264229047,2155.50242605579,82306.7358528168,4588.39452209955
"AT32","AT",78.9,9.6,8.3,10.6,82.8,869.23,1730,178390,3,109.6,0.00276499346358411,0.0631722211278451,47.2823,13.0002,4805.96694185276,3751.36548414248,145.908919969198,1592.915599649,579.50251607242,68588.4923264268,1262.51320714171,2280.2242080192,93972.1709854766,5345.85698680181
"AT33","AT",60.4,7.8,6.9,11,83,665.33,1151,259010,3,109.1,0.00528355380038383,0.0562197578250184,47.1809,10.7635,5546.87355636099,3836.54904610934,105.304144217393,2046.50266487512,587.618823864821,66612.3748406223,1249.94390431264,2089.66334668191,87885.4433671139,4802.08517569169
"AT34","AT",156.3,8.15,7.1,10.5,83.3,529.42,6031.83333333333,77780,3.6,107.4,0.00265398261062248,0.0549782318029707,47.2366,9.8851,1153.75221270135,4202.30700082339,192.204744434568,1270.08427779694,431.083323471127,64002.2762811006,700.006798627181,2108.58163010936,78488.8917985894,4825.20981318883
"BE10","BE",7526.7,9.7,11.3,10.3,81.9272727272727,706.21,7077.2,0,12.3,102.8,0.00754313515846469,0.0683753976739548,50.8401,4.3569,9461.94264339967,8226.41503264768,58.1462263071335,1351.11054436783,389.09106365726,46599.1315749033,0.81741820096063,3556.12066400515,88581.4361056889,7083.00718347115
"BE2","BE",1019.31818181818,8.39,9.16363636363636,7.34545454545455,81.9272727272727,2688.02,27022,613190,5.74545454545455,107.033333333333,0.00681261725213341,0.0440825093519285,51.1013,4.9852,3721.02446074374,6863.22724564901,14.3718688404225,1411.95856909281,295.646712120265,63378.864754583,606.114922341526,294.425394568413,68050.3629685472,600.191218413
"BE3","BE",1019.31818181818,8.39,9.16363636363636,7.34545454545455,81.9272727272727,2336.13,8364,692570,5.74545454545455,107.033333333333,0.00648648619111487,0.0778624239802998,50.4595,4.8252,4079.26512900979,7166.03585012422,26.0691415797423,1371.39416147938,326.633007938917,58056.4967182331,449.17161443043,534.058401235022,54816.8191272792,1088.6872139912
"BG31","BG",39,20,27,0.8,73.7,792.68,4001.66666666667,936770,13,115.8,0.00122089054970288,0.02672912572426,43.4201,23.8763,660.434494209353,3596.06513430483,274.435320954135,4234.52634527993,453.061633686142,45295.7260590779,5268.09465541085,206.74936861144,67352.7659556936,540.903953405653
"BG32","BG",53.1,12.7,13.1,1.5,74.6,674.11,4001.66666666667,793430,5.7,109.8,0.00127739349667076,0.028376753507014,43.2223,25.593,3770.89663197362,3258.25845238865,226.689508048355,3899.92889003814,335.509729135691,47144.6118042537,5399.18546770961,238.326976533713,74275.8122697007,589.218436873748
"BG33","BG",63.7,12.5,14.5,1.4,75,536.38,2069,822230,6.1,110.1,0.00215273497897002,0.0288818969152421,43.3648,27.3512,3429.45495042547,3639.86289965076,155.421843069837,2172.30529696065,398.65062116838,44749.7486133186,3850.27084887606,268.009558100057,77098.0883799885,682.035313071026
"BG34","BG",52.5,24.4,21.6,0.7,74.5,670.17,2858,845160,4.6,109.3,0.00145003246705692,0.0325227147341851,42.4799,26.5534,1268.02165772399,4148.16695390654,148.143519038389,2752.22997417282,343.223173178793,43493.8459059774,4561.98766740063,274.04930110388,76399.4141282961,665.80901558907
"BG41","BG",103.7,5.2,6.5,2.7,76,739.34,7078,554470,3.6,118.4,0.00313332633006408,0.0402309168871105,42.3235,23.3357,5401.5738255995,3734.87532589077,64.1477180483799,2775.15685731476,445.69442189604,55422.0583881658,2659.17316856551,604.897195190664,102216.70709463,1477.90579966193
"BG42","BG",63.7,15.1,16.8,1.1,75.6,824.74,4001.66666666667,698880,3.4,115.6,0.00194009796463889,0.0251572908298558,41.7421,25.1669,2677.46315662257,3633.29375884206,104.241342783817,3890.85971435274,404.299638142226,44450.7084307885,7257.77212202214,239.001016614177,77526.4404996339,616.069613188969
"CY00","CY",95.7,11.5,14.4,4.7,82.3,311.47,11261,109330,7.6,121.4,0.00235471647119104,0.0358714196429074,35.0284,33.1739,5654.36005427897,6584.7602209447,75.340792000045,835.355656781212,424.321935124239,78132.5555599349,1863.7282447734,1116.0320043243,89879.7934696314,2509.7696521979
"DE1","DE",468.660526315789,11.45,8.225,7.54594594594595,81.2921052631579,405.276392106162,14477,1422460,3.96428571428571,106.8,0.00353257731212063,0.0243930080319672,48.5342,9.0509,3963.42353853575,3963.42353853575,10.6252155506704,1550.88479619124,414.787078728917,12526.7298477969,604.843395648839,439.255638844417,14826.2186388206,823.429759624559
"DE2","DE",468.660526315789,11.45,8.225,7.54594594594595,81.2921052631579,342.767068877409,53698,3136230,3.96428571428571,106.8,0.00412092067063896,0.0284254076862645,48.9474,11.4213,3963.42353853575,3963.42353853575,8.98639560909818,1550.88479619124,454.988164715224,10594.6227221243,1040.55418405717,371.505399147788,12539.4412414552,696.424984604103
"DE3","DE",4322.9,10.6,10,10.3,81.2921052631579,2074.59052828872,24223,26740,6.1,115.5,0.00285107662070843,0.0316419906739109,52.5005,13.4022,3963.42353853575,3963.42353853575,26.9576897722327,1451.26394914172,549.613011722879,36213.0878642297,86.6605204918066,2182.24080669499,77803.3520180319,4215.09767975995
"DE4","DE",86.7,10.8,6.4,4.9,81.2921052631579,1460.56484865146,11404,1313810,3.9,105.9,0.00148261643138706,0.0280971476585248,53.0836,12.1381,3963.42353853575,3963.42353853575,51.677053705292,1505.81329184069,375.234000808123,64614.7160089663,902.496656281611,1451.66587162897,64376.7598387402,2967.53668771831
"DE5","DE",1744.5,16,9.3,9.4,81.2921052631579,2440.62625323081,2305,8450,5.1,104,0.00275395550805782,0.0226995810347004,53.1065,8.7877,3963.42353853575,3963.42353853575,173.660676275172,2297.26277961603,558.131068317474,46521.2961794005,42.5718068942839,2697.59337171647,86436.0351261447,4958.79929888638
"DE6","DE",2597.5,13.2,8.3,10,81.2921052631579,3305.86223217086,17274,14440,4.7,108.1,0.00322262299749953,0.0237904607544283,53.5392,10.01,3963.42353853575,3963.42353853575,53.571979582656,1793.69041490256,639.219424734998,46993.5628741705,102.314084751791,3217.08125524766,97923.944364957,6716.76267408958
"DE7","DE",468.660526315789,11.45,7.6,7.54594594594595,81.2921052631579,715.437403989276,70436,771890,4,106.8,0.00223056958562868,0.0269824811389168,50.6006,9.0325,3963.42353853575,3963.42353853575,18.7567713749457,1550.88479619124,425.773845116474,40473.4195493696,384.855154514574,775.421218860882,51728.3177058816,1453.60662764435
"DE8","DE",71.3,11.5,6.8,5.2,81.2921052631579,1429.62514614491,126,1340960,4.6,106.6,0.000608156762665891,0.013827793385891,53.7138,12.4675,3963.42353853575,3963.42353853575,84.7539203725053,2577.45293003461,440.198540175035,61345.8546468027,1065.20709043627,1503.96918672403,67644.9409192495,2904.67422571943
"DE9","DE",468.660526315789,11.45,6,7.54594594594595,81.2921052631579,562.790623617881,6287,2590900,4.4,106.8,0.00196694659032567,0.0177897139814712,52.7621,9.1837,3963.42353853575,3963.42353853575,14.7547989527843,1550.88479619124,384.594791238199,13699.1956573302,917.357969017245,609.976203223217,14300.213370483,1143.46297230961
"DEA","DE",468.660526315789,11.45,8.9,7.54594594594595,81.2921052631579,250.664302360621,43439,1463030,5.1,106.8,0.0031057733116453,0.0257972529563212,51.4749,7.5507,3963.42353853575,3963.42353853575,6.57171820346829,1550.88479619124,451.111623353833,17064.6140703343,334.313596517255,271.680538056267,21319.5569386481,509.293041143133
"DEB","DE",468.660526315789,11.45,5.3,7.54594594594595,81.2921052631579,1098.88476382486,1597,706950,2.2,106.8,0.00205818261937325,0.0222589543523625,49.5093,7.9074,3963.42353853575,3963.42353853575,28.8096906417588,1550.88479619124,401.694910700131,26452.9472242014,901.828890425591,1191.0176322924,25160.6352177861,2232.68474195844
"DEC","DE",385.5,11.7,8.225,5.3,81.2921052631579,1814.47276604235,343,77920,3.96428571428571,100.6,0.00307836662150783,0.025349406770988,49.3922,6.957,3963.42353853575,3963.42353853575,141.708219887383,1721.67634187095,486.884516667055,140899.24869018,182.391702393486,2012.87584090174,166763.640032803,3686.59735106451
"DED","DE",468.660526315789,11.45,8.225,7.54594594594595,81.2921052631579,1104.80345544624,4197,906640,3.96428571428571,106.8,0.00141651303508792,0.0452365697103442,51.0583,13.3332,3963.42353853575,3963.42353853575,28.9648622122722,1550.88479619124,413.583495560258,34148.4840737091,563.3635406539,1197.43255978364,40417.0040555428,2244.71018166826
"DEE","DE",108.7,12.7,7.1,5.2,81.2921052631579,1429.03879699522,10858.9130434783,1172780,4.8,102.5,0.000974584263949677,0.0255250863183678,52.011,11.6996,3963.42353853575,3963.42353853575,68.8592306661892,2026.94390604625,410.382443449965,62703.0839509345,734.469300367873,1501.01240123165,66161.8784918046,2903.48289716245
"DEF","DE",188.2,14.8,9.3,7.4,81.2921052631579,1665.49643066693,130,990450,3.4,107.6,0.00132586121573553,0.0127231019780127,54.0804,9.8212,3963.42353853575,3963.42353853575,42.75609698141,1716.76642767875,430.612172507975,64636.5952159484,878.85657728755,1654.00911159378,67528.0746807688,3383.91120793533
"DEG","DE",132.4,9.6,5.7,6,81.2921052631579,1475.28348290696,150,780670,4.2,103.3,0.00165090293421981,0.0326365041731939,50.9044,11.0218,3963.42353853575,3963.42353853575,65.1075430608172,1901.21019341158,419.100600081186,64070.12728171,747.171856089263,1598.72043304093,70757.1747716532,2997.44161606616
"EE00","EE",30.5,7.5,8.9,17.1,79,453.01,3258,957510,6.8,120,0.00165992463370294,0.0412543191148674,58.6709,25.8548,3422.48467993402,6743.38738999049,89.0505170898496,1322.22101828776,346.356894330673,78676.1386210135,1659.92463370294,1037.27230589567,88942.7649558758,2115.34218827127
"ES11","ES",92,12,9.2,11.6,84,329.67,5248,655520,12,109.6,0.00430586636828644,0.0362267038457895,42.7431,-7.8957,3682.98285497774,5153.42308420953,44.3984885620915,1697.44452732784,474.766446433646,69297.1784124278,2845.41654826182,1030.29980107985,69242.427269821,2384.00357878659
"ES12","ES",96.6,8.9,12.1,11.1,83.2,345.79,1405,336310,14.1,106.8,0.00287761593641764,0.0385072514547566,43.3017,-5.9972,3434.9822700778,4935.42539545137,126.766244740647,1706.4498051328,398.960053940577,61745.079738031,1986.45793155161,1068.93813812753,67170.8383264681,2332.43137936145
"ES13","ES",110.5,9.1,10.5,11.9,83.9,328.34,1171,222950,12.1,109.7,0.00556158437330439,0.0359605623742247,43.1875,-4.0606,4040.43352541605,5849.70844179482,180.014011277705,1251.22770386752,515.120503856535,64862.9436046072,1511.02014464584,1082.50856817105,66993.6193740256,2436.07526253975
"ES21","ES",303.7,6.5,8.2,13.1,84.5,325.71,6353,187250,9.5,109.5,0.0106091986891644,0.0569758507686587,43.0651,-2.5863,4075.75949985794,6361.86480706105,45.7207357416481,1504.47345028043,561.864989781366,56004.0984168198,606.631468641995,1557.6404959395,79246.7263370331,3402.98418829695
"ES22","ES",63.1,10.8,9.9,13.6,85,335.41,240,546890,10.1,111.1,0.0128756803029357,0.0644911189336323,42.7117,-1.6508,4172.52467216748,6699.83199011742,137.014115571911,1237.60679594644,537.692552577345,64669.1819914122,1724.27186832168,1450.26191567823,78383.3580346956,3194.70258595084
"ES23","ES",62.6,14.6,9.1,10.5,84.2,323.43,17601.9333333333,215840,10.8,106.3,0.0151583731890824,0.0712687263991188,42.3132,-2.4332,10987.2092323957,6404.24649686166,323.874516904008,1647.82816501071,348.177291877024,61711.5762619053,2623.99068150957,1155.22060196688,76087.9116009508,2806.49255691907
"ES24","ES",27.9,14.2,11.8,10.9,84.4,362.29,345,2261690,11.7,109.9,0.0174775789219692,0.0616056280645523,41.507,-0.6751,3962.91755522865,6163.94541817725,80.4858633139222,1410.47391893609,501.002380606961,59608.5341038672,2966.17463447122,1279.22106720648,78610.9041871471,2859.7381257174
"ES30","ES",839.7,10,9.9,12.4,85.8,273.1,59747,304150,12.5,114.1,0.0147499625022306,0.0701993814201961,40.5008,-3.7119,6060.48434668214,6583.03725410801,10.4715114772817,1386.79497523962,515.779594929234,68561.0549649122,84.7775656033109,1742.96449954262,87188.959708128,3559.02326758823
"ES41","ES",25.6,15.4,11.7,10.4,84.7,349.97,242,5295680,12.1,108,0.010160300203181,0.0746047881424574,41.7447,-4.8172,4559.641895018,5344.67271365136,50.5583001257232,1629.44596421865,466.412666102252,69246.4145567393,2805.13903470069,1070.43372629989,70849.0043130678,2490.09518566347
"ES42","ES",25.8,18.7,12.4,9.1,83.9,233.41,17601.9333333333,4045810,17.7,110.6,0.0101815938371708,0.0712780009718639,39.2748,-3.1358,2595.38491772889,6569.85833666576,47.0518011257586,1292.31494255346,281.830741207516,70221.1723572196,3683.59867302452,874.863239982909,61893.4430477025,2093.33119536321
"ES43","ES",26,18.4,16.6,10.3,83.1,335.24,17601.9333333333,2491730,21.8,108.7,0.00384282551726541,0.0608458359346089,39.1892,-6.1601,3072.00048211876,6054.2628432389,100.967156601025,1409.44406621977,307.444874145346,72113.9495225424,5185.60159852502,829.225436661177,62319.4338117797,1947.01778472079
"ES51","ES",238.1,17.4,17,10,84.3,384,54693,1125270,12.6,110.7,0.0127056427648089,0.060547560043009,41.8005,1.5078,4953.512307595,6775.42370001992,11.5554075690233,1608.22534469159,486.883241588072,57880.5746941984,732.454927559489,1446.36652697969,80382.890323336,3094.66323277509
"ES52","ES",216.2,15.5,12,12,83.5,231.9,23401,637750,16.2,110.9,0.00370466031235504,0.0705305128445258,39.3945,-0.54,4435.61094783591,6539.3855775538,18.16937845336,1290.86494632199,390.906084912516,62865.7710821358,1262.3920310832,1039.83006918799,68005.4802408506,2306.76842154867
"ES53","ES",241.2,21.3,18.2,11.3,84.2,287.46,40285,176280,16.1,112.9,0.00421152615168597,0.0416766813273039,39.6075,2.9634,2086.43581325239,5965.84690990935,57.5572487559107,1512.72997584092,363.418612814636,73894.9802804105,620.289495963162,1212.38101137748,73763.3897045159,2791.65623903033
"ES61","ES",97.4,21.8,17.2,9.6,82.6,217.98,30414,4369000,22.3,110.6,0.00260636750076639,0.0526700434520398,37.4607,-4.5804,4066.19043479522,6911.73936372173,10.2005370789599,880.352315493962,370.720598040854,61154.4378605399,2857.24968722293,883.224427031441,60693.6379367836,1956.40016734915
"ES62","ES",132.4,18.7,12.4,12.8,82.9,325.41,22,375860,16.2,109.9,0.00259756829331988,0.0673739707575875,37.9999,-1.4907,4627.77823185938,7329.40873923245,50.8017641402674,1272.80181863006,449.607241560561,64187.3810943012,2690.59964687956,991.255717275058,70504.5023852575,2150.09213426551
"ES63","ES",4222.9,25.5,18.9,9,81.4,211.94,17601.9333333333,0,24.5,107.2,0.00240233097460903,0.0508176250222989,35.8958,-5.3543,3183.68317773681,9308.43789023013,748.3736695011,745.674020336564,909.793661176191,59755.0098115003,0,1187.36992329191,61278.7060712374,2099.25670452518
"ES64","ES",6041.5,22.8,22.8,10.5,81.4,190.35,428,0,23.6,108.7,0.0025451919548258,0.0773501592224735,35.297,-2.9509,3489.87250364022,9880.0800255703,721.200857078593,725.67565967824,905.614811833367,71701.0168929717,0,1075.6099582115,58008.4760811147,1919.93891539308
"ES70","ES",299.4,18.2,19.7,10.2,83.5,290.96,40035,52210,22.6,111.2,0.00183639458701685,0.0157063592538552,28.2457,-16.5646,3144.80337882299,5631.31204760679,33.2625239607473,1076.26670099848,391.820802220124,70787.1105484508,983.016479272165,971.724530083255,63343.5345320859,2108.3758904815
"FI19","FI",23.7,8.1,10.5,25.6,82.3,333.02,667,791180,7.7,106.2,0.000522974615784114,0.00555107452787215,62.3222,23.7142,5729.21955649431,6836.89575034164,75.795777324517,1550.88479619124,335.76275956514,85991.9689667878,1401.36887336326,1761.44596315822,72112.6883361428,3841.93690648547
"FI1B","FI",184.7,8,7.6,30.8,82.4,274.76,22049,181470,7.2,111,0.00326384470845848,0.0148976904525884,60.3817,24.7512,5424.01870126796,6720.4426755833,43.1158916391721,1550.88479619124,416.103212061134,63483.111157141,198.848925120952,2551.79570640193,85956.5284291823,5619.91270768912
"FI20","FI",19.2,8.225,9.35,25.4,83.9,392.14,52,19550,7.85,94.7,0.000568866282960782,0.00378128764556284,60.2653,20.0931,1743.40784366216,6618.92651586133,3048.32017132914,1550.88479619124,210.81515192076,103460.045509303,1873.91246151787,2407.87712488288,96211.6517199839,4546.98166242805
"FR10","FR",1026.8,5.9,9.8,12.7,82.4153846153846,534.57,107991,571640,8.2,107.3,0.00246526945284475,0.00278963844857084,48.7196,2.5234,5806.54672146092,6761.09625493337,4.99472930890692,981.104346666578,386.289548183359,51534.8299649914,67.4446695402381,3110.24380393794,79258.9278152475,6041.29525657327
"FRM0","FR",39.6,6.9,18.8,7.5,84,596.41,4249,159000,8.1,109.2,0.000740168908858029,0.00102640610408047,42.1267,9.0976,1619.98687356701,4853.59979414052,268.62059693466,909.598198151313,300.115362263529,72074.2366285306,1188.31805289316,1518.12112748542,57621.1809741895,2827.91361997531
"HR03","HR",56,1.4,9.4,3.1,79.9,524.77,7692,467420,7.5,108.8,0.00191876267467947,0.0528613293618731,44.4289,15.5424,3607.94350277551,3846.5513953248,89.2188248379315,818.67692724279,327.849282502136,51951.0817424927,2670.6905361908,573.77919088777,74072.5148165456,1277.20661347123
"ITC1","IT",172.3,12,16.6,7,83.3,346.77,3997,948580,7.5,105,0.00747352777649559,0.0477651670050475,45.0634,7.9189,3046.14683046574,4609.37132136935,28.1463447560167,1034.90499318406,365.511640912531,77596.697173907,1288.03537377033,1278.0080427406,76466.1045825344,3195.89271428462
"ITC2","IT",38.6,11.86,14.7,7.5,83.6,359.01,12034.125,52490,5.8,101.5,0.00974934817729577,0.0538893420989491,45.7281,7.3925,922.948957883456,4629.94065614153,917.694387126701,1242.06215909273,368.69971367788,217527.232592735,1743.52576099301,1370.82713501927,87303.2935041669,3893.37300254331
"ITC3","IT",284.3,10.7,15.4,8.7,83.5,351.56,1539,37330,8.3,101,0.00692603615101002,0.0425924007067036,44.1573,8.1521,2256.97882905984,4252.74752660304,92.8971567903485,1318.64225819864,456.183197295954,62522.4123932829,769.923912630031,1217.12903636218,74889.5611696023,3262.05940874565
"ITC4","IT",435.8,11.9,15.7,7.9,84.2,350.53,49096,922320,5,106.4,0.00974460294694584,0.0477729371389092,45.6127,9.773,3274.18260118421,4932.7446382495,9.80214412179502,1053.73149034036,368.672390467831,69486.8125001371,523.854058029028,1574.79525015053,82641.5886869064,3976.81409772745
"ITF1","IT",120.5,8,15.5,6.9,83.7,293.07,699,424160,9.3,100.6,0.00276674129655062,0.0363300954216614,42.2341,13.8714,3807.36061381469,4435.28723488938,85.8864507732578,1071.37806128718,424.903453866907,79225.5597434504,2088.96696217215,997.031549351941,69954.758369972,2560.46836756854
"ITF2","IT",68.2,8.6,25.5,7.1,83.6,300.18,12034.125,174200,9.5,103.5,0.00167711536157809,0.0316122935218092,41.5949,14.5396,2797.52159618789,4193.78668689853,391.872645716035,678.166886288916,405.968401016918,84829.7594803604,3923.25200654874,815.830105551784,65216.4610203783,2159.47570179292
"ITF3","IT",422.2,17.3,28,5.3,82.1,252.21,10834,509000,17.9,101.7,0.000954632963495487,0.0430664988604102,41.0387,14.7373,3979.557234474,5103.47867691688,16.179041736175,846.967591672687,384.811794802756,69296.6370064615,1168.03798504344,756.777272557777,56427.2270494629,1919.2563981679
"ITF4","IT",206.8,15.6,22.7,5.5,83.7,283.3,8294,1184540,14,103.1,0.00124806965311303,0.0340894517372173,41.0043,16.5847,2305.15985991468,4668.32182186803,24.2953680528064,949.812878085551,379.479954114342,68240.2698501633,2423.28886842781,795.807558485875,62016.1105707756,1959.76075713865
"ITF5","IT",55.7,10.1,21,7.1,83,288.35,12034.125,484630,8.6,105.9,0.000891091614339887,0.0258217744471798,40.5157,16.0794,1404.77972142994,4181.62363037592,197.225867323146,1237.22557812506,339.084760345158,79523.1484996042,4122.88026837583,874.733847382938,66420.0891453112,2365.97476023671
"ITF6","IT",126.5,16.6,26.5,5.6,82.8,248.18,3536,498400,20.1,99.2,0.000726462560252572,0.0184989256167804,39.1604,16.3822,2449.43535486323,4642.65538960251,53.1790656297681,739.714166547877,383.18788243555,78563.652586175,2588.02287089979,686.85028852601,56888.3961332763,1774.94496095792
"ITG1","IT",192.1,19.4,29.3,4.7,82.3,281.95,18182,1326110,17.9,99.8,0.000794209164993262,0.0296811061495829,37.5704,14.1658,2447.52619844153,4874.86898215286,21.0711567927241,855.128617989904,434.086997901663,77692.5064970494,1782.66318516437,732.446685222828,53699.3840366419,1833.01998445221
"ITG2","IT",68.3,12,19.3,8.6,83.6,301.25,9097,1134540,13.3,99.6,0.000971692476084638,0.0242538413187716,40.0775,9.0348,2580.75564912594,4133.97442698997,61.7179845633682,1093.99170152288,471.264645968252,76769.476198188,2254.87257860254,877.396112361405,64123.4260412343,2187.59063079967
"ITH1","IT",72.2,14.2,10.4,7.1,84.5,349.97,37,227900,3.8,107.8,0.00531499463056,0.0909519303700032,46.7053,11.4241,888.961482716411,5214.36456620182,155.097964118623,1066.94152191708,332.304503570865,107059.687145636,2789.85588873619,1846.67432656709,101169.0923018,4790.42287156149
"ITH2","IT",88.2,7.9,11.6,10.8,84.9,347.06,12034.125,272540,5.3,105.6,0.0091818306824953,0.0489728193610487,46.1313,10.859,3352.98161983774,4950.26813952422,168.045102443049,800.843379016363,324.150891506623,145131.227941513,5876.15162487968,1397.22234954393,84620.0485859651,3844.20589448595
"ITH3","IT",282,10.5,12.6,7.6,84.3,328.97,18404,1616450,5.8,105.3,0.00441307912696784,0.0623584149069107,45.661,11.8546,2479.53888528966,4835.67469876308,20.4034200338462,1003.25201219151,346.373013402176,74219.1901716965,3728.1213691039,1335.9504649699,81993.4033362075,3378.88206777721
"ITH4","IT",159.9,8.5,11,8.7,83.9,326.82,780,439190,5.6,103.3,0.00293562678657885,0.0581421569602791,46.1665,13.0495,2734.33613880101,4503.42227262779,97.345749020076,1236.26282523197,394.290906437985,75232.9599342075,3249.83253413982,1345.60476730536,76889.7693282132,3214.31567812067
"ITH5","IT",201.9,9.3,13.2,9.2,84,371.56,9905,2086940,5.7,106.3,0.00686003218104177,0.0478356423742288,44.5224,11.0296,3796.60578044626,4767.9508543567,24.9437795005017,1403.86042576374,426.198315949911,74944.5075276891,3309.05157322195,1438.51003971892,83192.7128286679,3668.16139981931
"ITI1","IT",162.7,11.7,15.2,8.2,84.1,285.45,8233,1497770,6.6,103.7,0.00297409246443181,0.0370662048364886,43.4794,11.1306,3504.10488130847,4543.08737446023,31.2171382687597,1166.02190082477,439.045593092046,79727.0453656073,3507.86921251004,1218.11049530745,78582.5045259989,3215.31568250168
"ITI2","IT",105.5,11.2,14.9,8.1,84.5,302.88,218,639400,8.2,103.4,0.00181344917343262,0.0472806881453517,42.9717,12.4893,3115.84584532819,4475.58796320238,129.917889135968,1162.53813931841,442.674665149713,83756.069251234,4411.80695615199,1039.14774784093,73254.4057736176,2673.86989823769
"ITI3","IT",161.9,9.8,14.6,6.2,84.4,301.75,482,939040,7.4,102.6,0.00467847623278543,0.0371349506039644,43.3477,13.153,3423.01569672738,4692.55727613124,73.5466776670686,1107.04766135686,375.560597406444,78247.9612235832,3712.63565399505,1101.01198409173,76531.7861373781,2802.448250513
"ITI4","IT",343,11.9,17.6,7.8,83.8,338.37,49250,1241600,9.1,104.1,0.00163472731379328,0.0374159528814914,41.9898,12.7501,5116.70170439738,4759.26472887746,17.0114842677693,925.082961238424,468.856959188283,73406.6403738902,1962.92371040881,1420.98441544903,79316.9015063329,3489.40267908334
"LU00","LU",239.8,8.2,6.6,16.3,82.7,426.45,4366,131040,6.8,112.1,0.0101020910130521,0.0763654193845151,49.771,6.0943,1134.30909683313,6256.90775393383,107.765752873306,1550.88479619124,284.296000051109,76512.6783238674,563.80049448338,5015.25934822746,111545.936164368,10144.6299999361
"LV00","LV",30.2,7.2,7.1,6.6,75.7,542.32,7786,1877720,8.1,111.3,0.000695611149697931,0.0418215891071592,56.6829,26.382,4212.19547354764,6331.63405716382,77.7821169748516,1567.56260893496,327.781199627819,43414.9422726617,4303.14387932955,728.60890875018,87798.8572476968,1594.83297731532
"MT00","MT",1595.1,16.7,9.3,11,82.9,430.84,7318,10880,4.3,125,0.00292869302943852,0.037414199205541,35.886,14.4312,3122.64363616576,5205.96077455866,148.090422182663,1550.88479619124,374.10312419835,70703.5470806353,864.809819575408,1120.79741295543,50549.0492922163,2612.30867297362
"NL11","NL",247.9,6.1,5.6,19.9,81.3,278.069383867612,16238.8,162960,5.2,97.4,0.000914884973697057,0.0389389382555055,53.2675,6.6929,8773.67862275674,6052.40788849327,164.261110902493,822.543038851888,541.079359443968,55151.6899768889,955.849972519313,1802.28926068418,69767.8308691749,4210.73248831644
"NL12","NL",191,6.4,4.5,16.4,82,210.601666166235,16238.8,226440,3.9,104.7,0.00118161663002322,0.0370639903870564,53.0649,5.8002,3967.0316651717,6948.30581099981,152.057751512792,820.054249742675,235.400188012438,60599.3934983391,1453.94233772388,1508.40747926401,67512.004640307,3189.08635494348
"NL13","NL",184.5,6.5,5.6,18.1,81.9,210.029474823494,177,150220,3.7,103.4,0.00119712689545092,0.0410426144765254,52.8638,6.6292,2984.30973784744,6655.90400298168,218.802792080732,828.873647408656,292.901098277839,62447.2838790963,1286.25309409701,1526.69127089908,65610.6562524054,3180.42180999105
"NL21","NL",344.9,6.8,4.7,17.3,81.9,258.589752595357,16238.8,198730,3.5,109.8,0.00290862228859796,0.060906430283395,52.4452,6.4397,4643.30018943467,7147.24459440161,77.763707344938,754.039466417069,263.763263438076,57659.3720266413,1158.80337850975,1885.22770873516,75114.116754387,3915.75748920773
"NL22","NL",415.8,6.1,4.3,17.6,82.1,258.832061985389,16238.8,232440,3.5,108.2,0.00344926441260393,0.0536220392415549,52.0672,5.9378,4849.00898966036,6709.45448409168,43.8106917129445,834.77472156598,367.506059583346,57285.5463596478,964.547602245881,1851.76840119044,73383.1842726966,3919.42671739331
"NL23","NL",292.5,9,5.5,18,82.4,230.364464421984,16238.8,88600,3.9,111.5,0.00284855834580316,0.0567182243907513,52.5438,5.4817,3866.94750378823,7965.56199337621,139.858304906849,705.165937388451,122.925339403954,101488.342186322,1151.24308249472,1472.03093936235,61980.1381018909,3488.34927816822
"NL31","NL",934.6,6,3.7,22.2,82.7,379.635148049503,16238.8,64470,3.5,114.8,0.00384845413729665,0.0597780070359171,52.0749,5.2003,6037.53247156866,7241.26403942903,56.8513020085186,745.206866727662,584.35558291156,61508.7880742645,388.862905738267,2649.57388054101,86427.2443567502,5748.71648710499
"NL32","NL",1041.2,7.4,5.6,20.5,82.4,407.606862204935,71690,128040,3.9,114.5,0.00383674124257213,0.0584099402436581,52.5945,4.9123,5291.52878233126,6484.22466606495,28.1976866339506,627.464163385167,482.440345237256,48250.2855503699,568.843424631893,2678.94692426916,87545.0377787741,6172.28489262299
"NL33","NL",1292.2,7,4.3,19.9,82.2,301.105288559714,2102,128640,4.4,105.2,0.00466656108393053,0.0623024496708196,51.9388,4.4867,5472.37279928766,6894.5615721394,22.4963337596704,748.524623701259,364.767877778991,48148.3449906111,695.457280521668,2129.15688624226,75017.7002424219,4559.5592125522
"NL34","NL",212.6,7.4,3.5,17.7,82.6,247.813556657234,16238.8,122180,2.6,106.1,0.0025815670894526,0.0387469751335114,51.3073,3.7883,2760.451435247,6387.94434245661,267.669392523364,761.171144859813,163.760013351135,61605.578271028,1468.10330440587,1644.1192423231,69793.8397029373,3752.5763518024
"NL41","NL",514.8,8,3.9,17.5,82.3,311.43621468561,6785,246900,3.5,109.9,0.00451744178106912,0.0599710100255369,51.5461,5.4595,4687.08970699837,6458.71659861371,35.2542280297547,790.181645795576,262.470468658248,62802.8584192856,1070.24898993545,2166.67869705087,81101.3068898986,4715.99774479068
"NL42","NL",517.7,7.5,4.6,15.3,81.8,271.009495899114,440,97940,3.5,107.9,0.00465180392785184,0.0574713055215668,51.1854,5.9292,4452.19794826535,5521.02978783585,94.329489500994,890.887136692502,350.518841282813,59216.2019189027,1149.3007972603,1903.23853988673,75027.7702937967,4103.82643767773
"PT11","PT",169.3,10.5,8.5,8.4,82.4,334.11,13203,646610,6.8,111.7,0.00551807968924896,0.0851734856956182,41.4531,-7.6933,3382.19771109752,5610.07099188944,27.5775325297916,2764.85747641202,531.558135202882,52767.4803770521,3796.84382287773,778.745394141757,88055.2568736159,1769.87937923631
"PT15","PT",88.9,19.9,12.8,9.4,80.7,277.45,9061,92230,8.3,115.3,0.00226958572647272,0.0428643768561562,37.2026,-8.1299,1903.25862328527,6799.1770185627,275.646318709142,22548.2771677395,419.246086960489,52767.4803770521,2627.70126321264,836.065199837593,101505.545088343,2316.94821694959
"PT16","PT",79.2,6,8.8,10.4,82,317.51,14,558020,5.6,109.8,0.00208588431347346,0.0500192803360867,40.1425,-7.9946,3548.70934498723,5327.68678812151,57.7431408231238,4458.29020626577,500.296533824024,52767.4803770521,4353.07143646396,743.893094482667,84303.5902015303,1803.97197473487
"PT17","PT",1015.9,7,8.5,12.5,82.2,385.42,31204,74370,7.7,109.7,0.00993688339773518,0.0951023863607789,38.6221,-8.8878,4848.71852901156,6663.00651841669,35.0934176005633,3452.44880681961,650.898692125652,52767.4803770521,384.175865932402,1200.27402216765,96618.7990522731,2681.11447323202
"PT18","PT",22.7,12.7,7.6,10.3,80.7,214.46,3,2146510,5.9,102.9,0.00122204275588383,0.0386568600455889,38.4793,-8.0017,2209.3284016362,5763.04576770117,209.561171684943,14030.4985537032,310.265443015337,52767.4803770521,6391.24103338547,741.091577982224,84435.8306910148,1903.09811257554
"RO11","RO",75,14.9,12.1,0.7,75.7,732.38,2994,1783180,3.8,129.2,0.0023097797818899,0.0372968196562102,47.225,23.3458,3672.40853425159,4820.15396699967,49.1048033134584,2434.92556612962,335.318472075179,42084.1954770869,8495.62441190706,381.050070482828,83759.877115319,1053.43583668083
"RO12","RO",68.2,21.7,24.3,0.7,75.7,728.07,853,1693990,7.1,120.5,0.00372079802110396,0.0373047477434589,46.186,24.8114,2431.45705119953,5152.61190257929,53.6774686304716,2679.59665218898,321.320047381531,41086.4574702375,6746.07940294432,394.200255224367,71112.2347856815,1159.28929431413
"RO21","RO",87.5,21.7,24.3,0.6,74.6,664.57,853,1693990,7.1,120.5,0.00506776751254738,0.031396312293019,47.0893,26.6947,2431.45705119953,5152.61190257929,53.6774686304716,3337.6158726401,321.320047381531,41086.4574702375,6746.07940294432,394.200255224367,71112.2347856815,998.913525249846
"RO22","RO",70.9,20.6,19.9,0.6,74.4,622.8,23,2092500,7.4,113.6,0.00421521845306531,0.0312788560519726,45.4531,26.9744,1628.95897145304,4942.44880634016,61.4921284371173,2066.88735564875,220.731050132073,38712.1540060772,8176.34589359055,313.246260886685,72742.3655957404,959.24363331638
"RO31","RO",86.1,17,17.7,2.2,75.5,516.39,3253.14285714286,2250950,5.9,103.2,0.00499142475845943,0.0372630089998676,44.5192,25.3492,711.731261304981,4634.80086689902,50.7176594829488,2222.97971721004,160.544514051264,36066.1630895134,9629.22420258526,284.603236533286,71851.6593505978,898.451631226011
"RO32","RO",1321.9,6.7,11.3,0.8,77.2,1025.84,14694,75570,4.7,137.6,0.00447415635300917,0.0624835809788278,44.5139,26.144,7437.93502331178,4714.07862697793,48.9413876473836,2240.56654559298,617.010665796153,68067.1679008028,523.255363259808,977.307513085691,99075.7802964855,2634.33881624564
"RO41","RO",66.9,11.4,13.5,0.8,76.2,674.44,514,1574200,5,111.6,0.00302238944644838,0.0260263639880256,44.5996,23.6859,1498.47493390159,4352.36643043453,72.9084714320337,2996.89752299115,312.864941486352,38631.7275515348,13171.525050395,292.924185344604,80427.479141901,895.058597399824
"RO42","RO",55.7,6.6,13.3,1.5,75.6,750.7,1595,1648380,4.6,127.7,0.00297322013231874,0.0401139160475986,45.7133,21.9876,3148.66665161334,4297.42362318513,73.2613407997832,2427.51823334161,417.052408155892,43440.7388172601,6595.61496601712,431.90778332242,75570.8785873959,1174.34009980355
"SK01","SK",328.8,7.83333333333333,7.9,4.7,79.3,715.17,2285,78640,3.4,108.9,0.00114099332130611,0.0515567688980752,48.2998,17.1607,8013.98463541978,4600.41338606196,141.955101016739,11170.6830428082,643.675551679231,75997.1743987383,385.309262954157,1609.74593483793,121364.054528728,3939.64682971123
"SK02","SK",123,4.1,7.7,2,78,471.62,1420.5,817390,4.7,110.9,0.000531858896189916,0.057994552010317,48.4057,18.0701,1848.23707966698,3781.2425978401,58.825238843026,4101.2352285787,277.60841148552,53574.9690754209,1208.47114144595,620.263165975067,76593.6576100783,1584.10608227254
"SK03","SK",82.7,7.4,10.2,3.2,77.2,583.78,1420.5,465740,6.7,112.2,0.000437617118684007,0.0513971955101232,48.796,19.3647,1774.93014957529,4091.90707555815,75.954622471078,5595.3649988592,331.167689643436,46436.4875428734,1052.52527519384,581.700123804501,71761.2031852542,1408.90569538108
"SK04","SK",103.9,12,15.4,2.7,77.6,630.22,556,539840,10.5,111.8,0.000477973882229201,0.0490039958125065,48.9446,21.2527,1825.45475098667,4746.19463981166,53.7032531713383,4595.30725488172,347.360453743432,40408.4526424952,731.705518939561,461.394700756403,58639.8386930302,1214.02785764488
"FR23","FR",183.262962962963,9.61304347826087,13.6961538461538,11.8115384615385,82.4153846153846,1167.79,415,1994140,9.7,105.410714285714,0.000566783926756306,0.00193183382064277,49.3107,0.9341,2888.10708310037,6322.8097030511,31.454166708796,1275.71653801859,287.79827079596,47905.6330995499,1287.18500938,1389.26225134543,48355.2459493046,2627.4386454028
"FR24","FR",65.4,9,11.6,12.3,82.7,597.56,195,2302910,8.9,104.3,0.000920986886362768,0.00196864357300819,47.55,1.5908,2588.00043340559,6288.47351587816,39.6745404614522,1091.03622132683,260.355158734799,62170.7462137422,1338.02284421641,1486.84037188694,58953.9600097594,2974.97589376262
"FR26","FR",183.262962962963,9.61304347826087,13.6961538461538,11.8115384615385,82.4153846153846,1256.2,8663.625,2415360,9.7,105.410714285714,0.00146572735109502,0.00343028866884689,47.0656,4.1819,3424.40086375264,5936.01685013904,38.6589096780496,1182.56571708098,300.946460515359,56801.2496228535,1629.6197160368,1647.23492467571,57334.3512658167,3115.32879768285
"FR30","FR",183.262962962963,9.61304347826087,13.6961538461538,11.8115384615385,82.4153846153846,1164.71,6164,2130000,9.7,105.410714285714,0.00119827081588465,0.00264838726108693,50.3672,2.8932,1598.17535980631,6789.66130269991,15.519741931977,1357.89551913517,300.093774085452,26509.2672164474,685.895225203936,768.768135849674,26758.0669171701,1453.93075175658
"FR41","FR",183.262962962963,9.61304347826087,13.6961538461538,11.8115384615385,82.4153846153846,1763.8,10674,3004300,9.7,105.410714285714,0.00234447169636138,0.00260043258654892,48.7255,6.2643,1728.60241534801,6028.93568318798,17.3989122798441,904.798357594773,320.339479646142,28672.68792394,1282.69462330397,831.507286305171,28941.7921627009,1572.58600804593
"FR51","FR",118.3,8.2,10.5,14.4,83.4,500.32,7204,2092730,6.9,107.5,0.00061753274455593,0.00156530670662035,47.4727,-0.8859,3481.67475508856,6516.41084102565,23.5233359548358,918.102011276389,292.293594656011,62415.8258086261,1563.47348812507,1623.72640418644,64189.1973148063,3174.61772811327
"FR52","FR",122.4,4.5,8.3,13.7,82.5,590.26,2054,1643670,6.7,106.7,0.000408512787164838,0.00095428825281582,48.0984,-2.6897,3764.95746345716,6116.70483819678,30.997247600434,1069.5472177659,325.113055616098,64889.9337923445,1613.50640936316,1506.44955938978,61979.9548849435,3017.85516494746
"FR61","FR",183.262962962963,9.61304347826087,13.6961538461538,11.8115384615385,82.4153846153846,1936.64,10146,4025650,9.7,105.410714285714,0.000382326004282849,0.00143077323897419,44.2823,-0.4929,1590.04191605168,5675.19004975389,18.0903969347181,1085.66628074061,340.089033275156,26374.3560926096,1936.71964620638,764.855716380235,26621.8896003831,1446.53139853794
"FR62","FR",183.262962962963,9.61304347826087,13.6961538461538,11.8115384615385,82.4153846153846,1266.14,13309,3546580,9.7,105.410714285714,0.000509085410418609,0.0017834790863345,43.8436,1.5622,1607.82721818786,5910.27999697573,16.8544281358748,1062.3755639003,352.747465073885,26669.36459963,1653.9395314062,773.410956257298,26919.6668760631,1462.71147386347
"FR71","FR",183.262962962963,9.61304347826087,13.6961538461538,11.8115384615385,82.4153846153846,1286.59,12628,2934530,9.7,105.410714285714,0.00102379098791118,0.00345913876063256,45.2864,5.2857,1186.67822092648,6415.98006782119,10.7595748202275,1035.89394338843,339.05636133076,19683.6785559572,1025.1550505162,570.826222640314,19868.4174736291,1079.57361953941
"FR82","FR",162.4,8.2,13.2,11.1,82.4153846153846,688.32,25090,802030,8,106.9,0.00119387535248077,0.0038851169710307,43.9434,5.9746,3120.12686353465,6210.7711899089,19.4826986545958,1197.71576313292,403.558229094085,64325.3619537804,740.116063118232,1681.04798701429,62663.2871709408,3359.93589074485
"HR04","HR",85.8,2.6,13.6,3.1,77.9,579.08,3410,1103790,7.5,109.6,0.00164731819057259,0.0596007320917476,45.6127,17.2044,4257.99342339318,3967.12367142596,49.179637776262,1042.37020104956,359.191361227971,45649.563788504,5154.29545109957,614.057413248506,73097.9267707087,1366.86506258654
"FI18","FI",36.6,8.2,8.8,24.8,82.4,342.38,455,1432590,7.7,109.7,0.00065546999723188,0.00670181076851028,60.8362,25.6751,4872.15288380684,6301.30380207418,98.9219999408075,1550.88479619124,953.608740992728,82782.9010249009,3051.89616241032,1702.50018715279,70877.4366857766,3895.91084215273
"FI1A","FI",6.3,8.6,10.5,26.1,82.4,388.16,3018,1336730,8.8,109.8,0.000201058176222406,0.00211697830683981,66.6044,25.3437,5334.69145393225,6956.61289729526,87.082442457854,1550.88479619124,372.153207894937,85374.3085202509,3609.65924159604,1634.78760198617,70603.5633454516,3633.27536286307
